{
    "AF": {
        "name": "Afghanistan",
        "callingCode": 93
    },
    "AX": {
        "name": "Aland Islands",
        "callingCode": 358
    },
    "AL": {
        "name": "Albania",
        "callingCode": 355
    },
    "DZ": {
        "name": "Algeria",
        "callingCode": 213
    },
    "AS": {
        "name": "American Samoa",
        "callingCode": 684
    },
    "AD": {
        "name": "Andorra",
        "callingCode": 376
    },
    "AO": {
        "name": "Angola",
        "callingCode": 244
    },
    "AI": {
        "name": "Anguilla",
        "callingCode": 1
    },
    "AQ": {
        "name": "Antarctica",
        "callingCode": 672
    },
    "AG": {
        "name": "Antigua And Barbuda",
        "callingCode": 1
    },
    "AR": {
        "name": "Argentina",
        "callingCode": 54
    },
    "AM": {
        "name": "Armenia",
        "callingCode": 374
    },
    "AW": {
        "name": "Aruba",
        "callingCode": 297
    },
    "AU": {
        "name": "Australia",
        "callingCode": 61
    },
    "AT": {
        "name": "Austria",
        "callingCode": 43
    },
    "AZ": {
        "name": "Azerbaijan",
        "callingCode": 994
    },
    "BS": {
        "name": "Bahamas",
        "callingCode": 1
    },
    "BH": {
        "name": "Bahrain",
        "callingCode": 973
    },
    "BD": {
        "name": "Bangladesh",
        "callingCode": 880
    },
    "BB": {
        "name": "Barbados",
        "callingCode": 1
    },
    "BY": {
        "name": "Belarus",
        "callingCode": 375
    },
    "BE": {
        "name": "Belgium",
        "callingCode": 32
    },
    "BZ": {
        "name": "Belize",
        "callingCode": 501
    },
    "BJ": {
        "name": "Benin",
        "callingCode": 229
    },
    "BM": {
        "name": "Bermuda",
        "callingCode": 1
    },
    "BT": {
        "name": "Bhutan",
        "callingCode": 975
    },
    "BO": {
        "name": "Bolivia",
        "callingCode": 591
    },
    "BA": {
        "name": "Bosnia And Herzegovina",
        "callingCode": 387
    },
    "BW": {
        "name": "Botswana",
        "callingCode": 267
    },
    "BV": {
        "name": "Bouvet Island",
        "callingCode": 47
    },
    "BR": {
        "name": "Brazil",
        "callingCode": 55
    },
    "IO": {
        "name": "British Indian Ocean Territory",
        "callingCode": 246
    },
    "BN": {
        "name": "Brunei Darussalam",
        "callingCode": 673
    },
    "BG": {
        "name": "Bulgaria",
        "callingCode": 359
    },
    "BF": {
        "name": "Burkina Faso",
        "callingCode": 226
    },
    "BI": {
        "name": "Burundi",
        "callingCode": 257
    },
    "KH": {
        "name": "Cambodia",
        "callingCode": 855
    },
    "CM": {
        "name": "Cameroon",
        "callingCode": 237
    },
    "CA": {
        "name": "Canada",
        "callingCode": 1
    },
    "CV": {
        "name": "Cape Verde",
        "callingCode": 238
    },
    "KY": {
        "name": "Cayman Islands",
        "callingCode": 1
    },
    "CF": {
        "name": "Central African Republic",
        "callingCode": 236
    },
    "TD": {
        "name": "Chad",
        "callingCode": 235
    },
    "CL": {
        "name": "Chile",
        "callingCode": 56
    },
    "CN": {
        "name": "China",
        "callingCode": 86
    },
    "CX": {
        "name": "Christmas Island",
        "callingCode": 618
    },
    "CC": {
        "name": "Cocos (Keeling) Islands",
        "callingCode": 61
    },
    "CO": {
        "name": "Colombia",
        "callingCode": 57
    },
    "KM": {
        "name": "Comoros",
        "callingCode": 269
    },
    "CG": {
        "name": "Congo",
        "callingCode": 242
    },
    "CD": {
        "name": "Congo, Democratic Republic",
        "callingCode": 243
    },
    "CK": {
        "name": "Cook Islands",
        "callingCode": 682
    },
    "CR": {
        "name": "Costa Rica",
        "callingCode": 506
    },
    "CI": {
        "name": "Cote D'Ivoire",
        "callingCode": 225
    },
    "HR": {
        "name": "Croatia",
        "callingCode": 385
    },
    "CU": {
        "name": "Cuba",
        "callingCode": 53
    },
    "CW": {
        "name": "Curacao",
        "callingCode": ""
    },
    "CY": {
        "name": "Cyprus",
        "callingCode": 357
    },
    "CZ": {
        "name": "Czech Republic",
        "callingCode": 420
    },
    "DK": {
        "name": "Denmark",
        "callingCode": 45
    },
    "DJ": {
        "name": "Djibouti",
        "callingCode": 253
    },
    "DM": {
        "name": "Dominica",
        "callingCode": 1
    },
    "DO": {
        "name": "Dominican Republic",
        "callingCode": 1
    },
    "EC": {
        "name": "Ecuador",
        "callingCode": 593
    },
    "EG": {
        "name": "Egypt",
        "callingCode": 20
    },
    "SV": {
        "name": "El Salvador",
        "callingCode": 503
    },
    "GQ": {
        "name": "Equatorial Guinea",
        "callingCode": 240
    },
    "ER": {
        "name": "Eritrea",
        "callingCode": 291
    },
    "EE": {
        "name": "Estonia",
        "callingCode": 372
    },
    "ET": {
        "name": "Ethiopia",
        "callingCode": 251
    },
    "FK": {
        "name": "Falkland Islands (Malvinas)",
        "callingCode": 500
    },
    "FO": {
        "name": "Faroe Islands",
        "callingCode": 298
    },
    "FJ": {
        "name": "Fiji",
        "callingCode": 679
    },
    "FI": {
        "name": "Finland",
        "callingCode": 358
    },
    "FR": {
        "name": "France",
        "callingCode": 33
    },
    "GF": {
        "name": "French Guiana",
        "callingCode": 594
    },
    "PF": {
        "name": "French Polynesia",
        "callingCode": 689
    },
    "TF": {
        "name": "French Southern Territories",
        "callingCode": 0
    },
    "GA": {
        "name": "Gabon",
        "callingCode": 241
    },
    "GM": {
        "name": "Gambia",
        "callingCode": 220
    },
    "GE": {
        "name": "Georgia",
        "callingCode": 995
    },
    "DE": {
        "name": "Germany",
        "callingCode": 49
    },
    "GH": {
        "name": "Ghana",
        "callingCode": 233
    },
    "GI": {
        "name": "Gibraltar",
        "callingCode": 350
    },
    "GR": {
        "name": "Greece",
        "callingCode": 30
    },
    "GL": {
        "name": "Greenland",
        "callingCode": 299
    },
    "GD": {
        "name": "Grenada",
        "callingCode": 1
    },
    "GP": {
        "name": "Guadeloupe",
        "callingCode": 590
    },
    "GU": {
        "name": "Guam",
        "callingCode": 1
    },
    "GT": {
        "name": "Guatemala",
        "callingCode": 502
    },
    "GG": {
        "name": "Guernsey",
        "callingCode": 44
    },
    "GN": {
        "name": "Guinea",
        "callingCode": 224
    },
    "GW": {
        "name": "Guinea-Bissau",
        "callingCode": 245
    },
    "GY": {
        "name": "Guyana",
        "callingCode": 592
    },
    "HT": {
        "name": "Haiti",
        "callingCode": 509
    },
    "HM": {
        "name": "Heard Island & Mcdonald Islands",
        "callingCode": 0
    },
    "VA": {
        "name": "Holy See (Vatican City State)",
        "callingCode": 39
    },
    "HN": {
        "name": "Honduras",
        "callingCode": 504
    },
    "HK": {
        "name": "Hong Kong",
        "callingCode": 852
    },
    "HU": {
        "name": "Hungary",
        "callingCode": 36
    },
    "IS": {
        "name": "Iceland",
        "callingCode": 354
    },
    "IN": {
        "name": "India",
        "callingCode": 91
    },
    "ID": {
        "name": "Indonesia",
        "callingCode": 62
    },
    "IR": {
        "name": "Iran, Islamic Republic Of",
        "callingCode": 98
    },
    "IQ": {
        "name": "Iraq",
        "callingCode": 964
    },
    "IE": {
        "name": "Ireland",
        "callingCode": 353
    },
    "IM": {
        "name": "Isle Of Man",
        "callingCode": 44
    },
    "IL": {
        "name": "Israel",
        "callingCode": 972
    },
    "IT": {
        "name": "Italy",
        "callingCode": 39
    },
    "JM": {
        "name": "Jamaica",
        "callingCode": 1
    },
    "JP": {
        "name": "Japan",
        "callingCode": 81
    },
    "JE": {
        "name": "Jersey",
        "callingCode": 44
    },
    "JO": {
        "name": "Jordan",
        "callingCode": 962
    },
    "KZ": {
        "name": "Kazakhstan",
        "callingCode": 7
    },
    "KE": {
        "name": "Kenya",
        "callingCode": 254
    },
    "KI": {
        "name": "Kiribati",
        "callingCode": 686
    },
    "KR": {
        "name": "Korea",
        "callingCode": 82
    },
    "KW": {
        "name": "Kuwait",
        "callingCode": 965
    },
    "KG": {
        "name": "Kyrgyzstan",
        "callingCode": 996
    },
    "LA": {
        "name": "Lao People's Democratic Republic",
        "callingCode": 856
    },
    "LV": {
        "name": "Latvia",
        "callingCode": 371
    },
    "LB": {
        "name": "Lebanon",
        "callingCode": 961
    },
    "LS": {
        "name": "Lesotho",
        "callingCode": 266
    },
    "LR": {
        "name": "Liberia",
        "callingCode": 231
    },
    "LY": {
        "name": "Libyan Arab Jamahiriya",
        "callingCode": 218
    },
    "LI": {
        "name": "Liechtenstein",
        "callingCode": 423
    },
    "LT": {
        "name": "Lithuania",
        "callingCode": 370
    },
    "LU": {
        "name": "Luxembourg",
        "callingCode": 352
    },
    "MO": {
        "name": "Macao",
        "callingCode": 853
    },
    "MK": {
        "name": "Macedonia",
        "callingCode": 389
    },
    "MG": {
        "name": "Madagascar",
        "callingCode": 261
    },
    "MW": {
        "name": "Malawi",
        "callingCode": 265
    },
    "MY": {
        "name": "Malaysia",
        "callingCode": 60
    },
    "MV": {
        "name": "Maldives",
        "callingCode": 960
    },
    "ML": {
        "name": "Mali",
        "callingCode": 223
    },
    "MT": {
        "name": "Malta",
        "callingCode": 356
    },
    "MH": {
        "name": "Marshall Islands",
        "callingCode": 692
    },
    "MQ": {
        "name": "Martinique",
        "callingCode": 596
    },
    "MR": {
        "name": "Mauritania",
        "callingCode": 222
    },
    "MU": {
        "name": "Mauritius",
        "callingCode": 230
    },
    "YT": {
        "name": "Mayotte",
        "callingCode": 269
    },
    "MX": {
        "name": "Mexico",
        "callingCode": 52
    },
    "FM": {
        "name": "Micronesia, Federated States Of",
        "callingCode": 691
    },
    "MD": {
        "name": "Moldova",
        "callingCode": 373
    },
    "MC": {
        "name": "Monaco",
        "callingCode": 377
    },
    "MN": {
        "name": "Mongolia",
        "callingCode": 976
    },
    "ME": {
        "name": "Montenegro",
        "callingCode": 382
    },
    "MS": {
        "name": "Montserrat",
        "callingCode": 1
    },
    "MA": {
        "name": "Morocco",
        "callingCode": 212
    },
    "MZ": {
        "name": "Mozambique",
        "callingCode": 258
    },
    "MM": {
        "name": "Myanmar",
        "callingCode": 95
    },
    "NA": {
        "name": "Namibia",
        "callingCode": 264
    },
    "NR": {
        "name": "Nauru",
        "callingCode": 674
    },
    "NP": {
        "name": "Nepal",
        "callingCode": 977
    },
    "NL": {
        "name": "Netherlands",
        "callingCode": 31
    },
    "AN": {
        "name": "Netherlands Antilles",
        "callingCode": 599
    },
    "NC": {
        "name": "New Caledonia",
        "callingCode": 687
    },
    "NZ": {
        "name": "New Zealand",
        "callingCode": 64
    },
    "NI": {
        "name": "Nicaragua",
        "callingCode": 505
    },
    "NE": {
        "name": "Niger",
        "callingCode": 227
    },
    "NG": {
        "name": "Nigeria",
        "callingCode": 234
    },
    "NU": {
        "name": "Niue",
        "callingCode": 683
    },
    "NF": {
        "name": "Norfolk Island",
        "callingCode": 6723
    },
    "MP": {
        "name": "Northern Mariana Islands",
        "callingCode": 1
    },
    "NO": {
        "name": "Norway",
        "callingCode": 47
    },
    "OM": {
        "name": "Oman",
        "callingCode": 968
    },
    "PK": {
        "name": "Pakistan",
        "callingCode": 92
    },
    "PW": {
        "name": "Palau",
        "callingCode": 680
    },
    "PS": {
        "name": "Palestine, State of",
        "callingCode": 970
    },
    "PA": {
        "name": "Panama",
        "callingCode": 507
    },
    "PG": {
        "name": "Papua New Guinea",
        "callingCode": 675
    },
    "PY": {
        "name": "Paraguay",
        "callingCode": 595
    },
    "PE": {
        "name": "Peru",
        "callingCode": 51
    },
    "PH": {
        "name": "Philippines",
        "callingCode": 63
    },
    "PN": {
        "name": "Pitcairn",
        "callingCode": 64
    },
    "PL": {
        "name": "Poland",
        "callingCode": 48
    },
    "PT": {
        "name": "Portugal",
        "callingCode": 351
    },
    "PR": {
        "name": "Puerto Rico",
        "callingCode": 1
    },
    "QA": {
        "name": "Qatar",
        "callingCode": 974
    },
    "RE": {
        "name": "Reunion",
        "callingCode": 262
    },
    "RO": {
        "name": "Romania",
        "callingCode": 40
    },
    "RU": {
        "name": "Russian Federation",
        "callingCode": 7
    },
    "RW": {
        "name": "Rwanda",
        "callingCode": 250
    },
    "BL": {
        "name": "Saint Barthelemy",
        "callingCode": 590
    },
    "SH": {
        "name": "Saint Helena",
        "callingCode": 290
    },
    "KN": {
        "name": "Saint Kitts And Nevis",
        "callingCode": 1
    },
    "LC": {
        "name": "Saint Lucia",
        "callingCode": 1
    },
    "MF": {
        "name": "Saint Martin",
        "callingCode": 590
    },
    "PM": {
        "name": "Saint Pierre And Miquelon",
        "callingCode": 508
    },
    "VC": {
        "name": "Saint Vincent And Grenadines",
        "callingCode": 1
    },
    "WS": {
        "name": "Samoa",
        "callingCode": 685
    },
    "SM": {
        "name": "San Marino",
        "callingCode": 378
    },
    "ST": {
        "name": "Sao Tome And Principe",
        "callingCode": 239
    },
    "SA": {
        "name": "Saudi Arabia",
        "callingCode": 966
    },
    "SN": {
        "name": "Senegal",
        "callingCode": 221
    },
    "RS": {
        "name": "Serbia",
        "callingCode": 381
    },
    "SC": {
        "name": "Seychelles",
        "callingCode": 248
    },
    "SL": {
        "name": "Sierra Leone",
        "callingCode": 232
    },
    "SG": {
        "name": "Singapore",
        "callingCode": 65
    },
    "SK": {
        "name": "Slovakia",
        "callingCode": 421
    },
    "SI": {
        "name": "Slovenia",
        "callingCode": 386
    },
    "SB": {
        "name": "Solomon Islands",
        "callingCode": 677
    },
    "SO": {
        "name": "Somalia",
        "callingCode": 252
    },
    "ZA": {
        "name": "South Africa",
        "callingCode": 27
    },
    "GS": {
        "name": "South Georgia And Sandwich Isl.",
        "callingCode": 500
    },
    "ES": {
        "name": "Spain",
        "callingCode": 34
    },
    "LK": {
        "name": "Sri Lanka",
        "callingCode": 94
    },
    "SD": {
        "name": "Sudan",
        "callingCode": 249
    },
    "SR": {
        "name": "Suriname",
        "callingCode": 597
    },
    "SJ": {
        "name": "Svalbard And Jan Mayen",
        "callingCode": 47
    },
    "SZ": {
        "name": "Swaziland",
        "callingCode": 268
    },
    "SE": {
        "name": "Sweden",
        "callingCode": 46
    },
    "CH": {
        "name": "Switzerland",
        "callingCode": 41
    },
    "SY": {
        "name": "Syrian Arab Republic",
        "callingCode": 963
    },
    "TW": {
        "name": "Taiwan",
        "callingCode": 886
    },
    "TJ": {
        "name": "Tajikistan",
        "callingCode": 992
    },
    "TZ": {
        "name": "Tanzania",
        "callingCode": 255
    },
    "TH": {
        "name": "Thailand",
        "callingCode": 66
    },
    "TL": {
        "name": "Timor-Leste",
        "callingCode": 670
    },
    "TG": {
        "name": "Togo",
        "callingCode": 228
    },
    "TK": {
        "name": "Tokelau",
        "callingCode": 690
    },
    "TO": {
        "name": "Tonga",
        "callingCode": 676
    },
    "TT": {
        "name": "Trinidad And Tobago",
        "callingCode": 1
    },
    "TN": {
        "name": "Tunisia",
        "callingCode": 216
    },
    "TR": {
        "name": "Turkey",
        "callingCode": 90
    },
    "TM": {
        "name": "Turkmenistan",
        "callingCode": 993
    },
    "TC": {
        "name": "Turks And Caicos Islands",
        "callingCode": 1
    },
    "TV": {
        "name": "Tuvalu",
        "callingCode": 688
    },
    "UG": {
        "name": "Uganda",
        "callingCode": 256
    },
    "UA": {
        "name": "Ukraine",
        "callingCode": 380
    },
    "AE": {
        "name": "United Arab Emirates",
        "callingCode": 971
    },
    "GB": {
        "name": "United Kingdom",
        "callingCode": 44
    },
    "US": {
        "name": "United States",
        "callingCode": 1
    },
    "UM": {
        "name": "United States Outlying Islands",
        "callingCode": 1
    },
    "UY": {
        "name": "Uruguay",
        "callingCode": 598
    },
    "UZ": {
        "name": "Uzbekistan",
        "callingCode": 998
    },
    "VU": {
        "name": "Vanuatu",
        "callingCode": 678
    },
    "VE": {
        "name": "Venezuela",
        "callingCode": 58
    },
    "VN": {
        "name": "Viet Nam",
        "callingCode": 84
    },
    "VG": {
        "name": "Virgin Islands, British",
        "callingCode": 1
    },
    "VI": {
        "name": "Virgin Islands, U.S.",
        "callingCode": 1
    },
    "WF": {
        "name": "Wallis And Futuna",
        "callingCode": 681
    },
    "EH": {
        "name": "Western Sahara",
        "callingCode": 212
    },
    "YE": {
        "name": "Yemen",
        "callingCode": 967
    },
    "ZM": {
        "name": "Zambia",
        "callingCode": 260
    },
    "ZW": {
        "name": "Zimbabwe",
        "callingCode": 263
    }
}
